Appointment_Date,Appointment_Time,Booking_Date,Booking_Time,Customer_Name,Customer_Email,Customer_Address,Customer_Contact,Customer_Timezone,Service,Booked_By,Service_Duration_mins,Amount,Staff_Name,Staff_Email,Resource,Customer_Remark,Intake_Form,Appointment_Status
14-Jan-23,10:00 AM,26-Nov-22,10:25 PM,PARENT NAME,EMAIL,EXTRA,"EXTRA
",NONE,In-Centre Session - 1 Hour(1) ,NONE,60,NONE,NONE,NONE,NONE,NONE,STUDENT,"NONE
"
14-Jan-23,10:00 AM,30-Nov-22,7:48 AM,PARENT NAME,EMAIL,EXTRA,"EXTRA
",NONE,In-Centre Session - 1 Hour(1) ,NONE,60,NONE,NONE,NONE,NONE,NONE,STUDENT,"NONE
"
14-Jan-23,10:00 AM,03-Jan-23,4:15 PM,PARENT NAME,EMAIL,EXTRA,"EXTRA
",NONE,In-Centre Session - 1 Hour(1) ,NONE,60,NONE,NONE,NONE,NONE,NONE,STUDENT,"NONE
"
14-Jan-23,10:15 AM,05-Dec-22,7:15 PM,PARENT NAME,EMAIL,EXTRA,"EXTRA
",NONE,In-Centre Session - 1 Hour(1) ,NONE,60,NONE,NONE,NONE,NONE,NONE,STUDENT,"NONE
"
14-Jan-23,10:30 AM,08-Dec-22,7:24 AM,PARENT NAME,EMAIL,EXTRA,"EXTRA
",NONE,In-Centre Session - 1 Hour(1) ,NONE,60,NONE,NONE,NONE,NONE,NONE,STUDENT,"NONE
"
14-Jan-23,10:30 AM,08-Jan-23,7:57 PM,PARENT NAME,EMAIL,EXTRA,"EXTRA
",NONE,In-Centre Session - 1 Hour(1) ,NONE,60,NONE,NONE,NONE,NONE,NONE,STUDENT,"NONE
"
14-Jan-23,10:30 AM,24-Nov-22,10:20 AM,PARENT NAME,EMAIL,EXTRA,"EXTRA
",NONE,@Home Online Session - 1 Hour(1) ,NONE,60,NONE,NONE,NONE,NONE,NONE,STUDENT,"NONE
"
14-Jan-23,11:00 AM,15-Nov-22,5:09 PM,PARENT NAME,EMAIL,EXTRA,"EXTRA
",NONE,In-Centre Session - 1 Hour(1) ,NONE,60,NONE,NONE,NONE,NONE,NONE,STUDENT,"NONE
"
14-Jan-23,11:00 AM,03-Jan-23,6:08 PM,PARENT NAME,EMAIL,EXTRA,"EXTRA
",NONE,In-Centre Session - 1 Hour(1) ,NONE,60,NONE,NONE,NONE,NONE,NONE,STUDENT,"NONE
"
14-Jan-23,11:15 AM,04-Jan-23,12:28 PM,PARENT NAME,EMAIL,EXTRA,"EXTRA
",NONE,In-Centre Session - 1 Hour(1) ,NONE,60,NONE,NONE,NONE,NONE,NONE,STUDENT,"NONE
"
14-Jan-23,11:30 AM,15-Dec-22,8:29 PM,PARENT NAME,EMAIL,EXTRA,"EXTRA
",NONE,@Home Online Session - 1 Hour(1) ,NONE,60,NONE,NONE,NONE,NONE,NONE,STUDENT,"NONE
"
14-Jan-23,11:30 AM,12-Dec-22,9:54 AM,PARENT NAME,EMAIL,EXTRA,"EXTRA
",NONE,In-Centre Session - 1 Hour(1) ,NONE,60,NONE,NONE,NONE,NONE,NONE,STUDENT,"NONE
"
14-Jan-23,11:30 AM,06-Dec-22,3:19 PM,PARENT NAME,EMAIL,EXTRA,"EXTRA
",NONE,In-Centre Session - 1 Hour(1) ,NONE,60,NONE,NONE,NONE,NONE,NONE,STUDENT,"NONE
"
14-Jan-23,12:00 PM,17-Dec-22,11:39 PM,PARENT NAME,EMAIL,EXTRA,"EXTRA
",NONE,@Home Online Session - 1 Hour(1) ,NONE,60,NONE,NONE,NONE,NONE,NONE,STUDENT,"NONE
"
14-Jan-23,12:00 PM,18-Dec-22,7:50 PM,PARENT NAME,EMAIL,EXTRA,"EXTRA
",NONE,In-Centre Session - 1 Hour(1) ,NONE,60,NONE,NONE,NONE,NONE,NONE,STUDENT,"NONE
"
14-Jan-23,12:00 PM,18-Dec-22,7:50 PM,PARENT NAME,EMAIL,EXTRA,"EXTRA
",NONE,In-Centre Session - 1 Hour(1) ,NONE,60,NONE,NONE,NONE,NONE,NONE,STUDENT,"NONE
"
14-Jan-23,12:00 PM,05-Jan-23,3:58 PM,PARENT NAME,EMAIL,EXTRA,"EXTRA
",NONE,In-Centre Session - 1 Hour(1) ,NONE,60,NONE,NONE,NONE,NONE,NONE,STUDENT,"NONE
"
14-Jan-23,12:00 PM,21-Nov-22,9:59 AM,PARENT NAME,EMAIL,EXTRA,"EXTRA
",NONE,In-Centre Session - 1 Hour(1) ,NONE,60,NONE,NONE,NONE,NONE,NONE,STUDENT,"NONE
"
14-Jan-23,12:15 PM,03-Jan-23,1:09 PM,PARENT NAME,EMAIL,EXTRA,"EXTRA
",NONE,In-Centre Session - 1 Hour(1) ,NONE,60,NONE,NONE,NONE,NONE,NONE,STUDENT,"NONE
"
14-Jan-23,12:15 PM,04-Jan-23,10:06 AM,PARENT NAME,EMAIL,EXTRA,"EXTRA
",NONE,In-Centre Session - 1 Hour(1) ,NONE,60,NONE,NONE,NONE,NONE,NONE,STUDENT,"NONE
"
14-Jan-23,12:15 PM,02-Jan-23,4:53 PM,PARENT NAME,EMAIL,EXTRA,"EXTRA
",NONE,In-Centre Session - 1 Hour(1) ,NONE,60,NONE,NONE,NONE,NONE,NONE,STUDENT,"NONE
"
14-Jan-23,12:15 PM,02-Jan-23,4:53 PM,PARENT NAME,EMAIL,EXTRA,"EXTRA
",NONE,In-Centre Session - 1 Hour(1) ,NONE,60,NONE,NONE,NONE,NONE,NONE,STUDENT,"NONE
"
14-Jan-23,12:30 PM,07-Dec-22,7:29 PM,PARENT NAME,EMAIL,EXTRA,"EXTRA
",NONE,In-Centre Session - 1 Hour(1) ,NONE,60,NONE,NONE,NONE,NONE,NONE,STUDENT,"NONE
"
14-Jan-23,1:00 PM,12-Dec-22,1:47 PM,PARENT NAME,EMAIL,EXTRA,"EXTRA
",NONE,In-Centre Session - 1 Hour(1) ,NONE,60,NONE,NONE,NONE,NONE,NONE,STUDENT,"NONE
"
14-Jan-23,1:00 PM,27-Dec-22,3:13 PM,PARENT NAME,EMAIL,EXTRA,"EXTRA
",NONE,In-Centre Session - 1 Hour(1) ,NONE,60,NONE,NONE,NONE,NONE,NONE,STUDENT,"NONE
"
14-Jan-23,1:00 PM,19-Nov-22,2:25 PM,PARENT NAME,EMAIL,EXTRA,"EXTRA
",NONE,In-Centre Session - 1 Hour(1) ,NONE,60,NONE,NONE,NONE,NONE,NONE,STUDENT,"NONE
"
14-Jan-23,1:00 PM,23-Nov-22,8:58 PM,PARENT NAME,EMAIL,EXTRA,"EXTRA
",NONE,In-Centre Session - 1 Hour(1) ,NONE,60,NONE,NONE,NONE,NONE,NONE,STUDENT,"NONE
"
14-Jan-23,1:00 PM,23-Nov-22,8:58 PM,PARENT NAME,EMAIL,EXTRA,"EXTRA
",NONE,In-Centre Session - 1 Hour(1) ,NONE,60,NONE,NONE,NONE,NONE,NONE,STUDENT,"NONE
"
14-Jan-23,1:00 PM,26-Nov-22,11:14 AM,PARENT NAME,EMAIL,EXTRA,"EXTRA
",NONE,In-Centre Session - 1 Hour(1) ,NONE,60,NONE,NONE,NONE,NONE,NONE,STUDENT,"NONE
"
12-Jan-23,3:30 PM,15-Nov-22,5:06 PM,PARENT NAME,EMAIL,EXTRA,"EXTRA
",NONE,In-Centre Session - 1 Hour(1) ,NONE,60,NONE,NONE,NONE,NONE,NONE,STUDENT,"NONE
"
12-Jan-23,3:30 PM,05-Dec-22,10:12 PM,PARENT NAME,EMAIL,EXTRA,"EXTRA
",NONE,In-Centre Session - 1 Hour(1) ,NONE,60,NONE,NONE,NONE,NONE,NONE,STUDENT,"NONE
"
12-Jan-23,3:30 PM,01-Dec-22,7:24 PM,PARENT NAME,EMAIL,EXTRA,"EXTRA
",NONE,In-Centre Session - 1 Hour(1) ,NONE,60,NONE,NONE,NONE,NONE,NONE,STUDENT,"NONE
"
12-Jan-23,3:30 PM,19-Dec-22,11:25 AM,PARENT NAME,EMAIL,EXTRA,"EXTRA
",NONE,In-Centre Session - 1 Hour(1) ,NONE,60,NONE,NONE,NONE,NONE,NONE,STUDENT,"NONE
"
12-Jan-23,3:30 PM,08-Jan-23,3:20 PM,PARENT NAME,EMAIL,EXTRA,"EXTRA
",NONE,In-Centre Session - 1 Hour(1) ,NONE,60,NONE,NONE,NONE,NONE,NONE,STUDENT,"NONE
"
12-Jan-23,3:45 PM,15-Dec-22,3:02 PM,PARENT NAME,EMAIL,EXTRA,"EXTRA
",NONE,In-Centre Session - 1 Hour(1) ,NONE,60,NONE,NONE,NONE,NONE,NONE,STUDENT,"NONE
"
12-Jan-23,3:45 PM,01-Dec-22,3:11 PM,PARENT NAME,EMAIL,EXTRA,"EXTRA
",NONE,In-Centre Session - 1 Hour(1) ,NONE,60,NONE,NONE,NONE,NONE,NONE,STUDENT,"NONE
"
12-Jan-23,3:45 PM,01-Dec-22,3:11 PM,PARENT NAME,EMAIL,EXTRA,"EXTRA
",NONE,In-Centre Session - 1 Hour(1) ,NONE,60,NONE,NONE,NONE,NONE,NONE,STUDENT,"NONE
"
12-Jan-23,3:45 PM,28-Nov-22,10:52 AM,PARENT NAME,EMAIL,EXTRA,"EXTRA
",NONE,In-Centre Session - 1 Hour(1) ,NONE,60,NONE,NONE,NONE,NONE,NONE,STUDENT,"NONE
"
12-Jan-23,3:45 PM,28-Nov-22,10:52 AM,PARENT NAME,EMAIL,EXTRA,"EXTRA
",NONE,In-Centre Session - 1 Hour(1) ,NONE,60,NONE,NONE,NONE,NONE,NONE,STUDENT,"NONE
"
12-Jan-23,4:00 PM,30-Nov-22,2:08 PM,PARENT NAME,EMAIL,EXTRA,"EXTRA
",NONE,@Home Online Session - 1 Hour(1) ,NONE,60,NONE,NONE,NONE,NONE,NONE,STUDENT,"NONE
"
12-Jan-23,4:00 PM,04-Jan-23,12:04 PM,PARENT NAME,EMAIL,EXTRA,"EXTRA
",NONE,@Home Online Session - 1 Hour(1) ,NONE,60,NONE,NONE,NONE,NONE,NONE,STUDENT,"NONE
"
12-Jan-23,4:00 PM,10-Jan-23,2:13 PM,PARENT NAME,EMAIL,EXTRA,"EXTRA
",NONE,In-Centre Session - 1 Hour(1) ,NONE,60,NONE,NONE,NONE,NONE,NONE,STUDENT,"NONE
"
12-Jan-23,4:00 PM,13-Nov-22,9:06 PM,PARENT NAME,EMAIL,EXTRA,"EXTRA
",NONE,In-Centre Session - 1 Hour(1) ,NONE,60,NONE,NONE,NONE,NONE,NONE,STUDENT,"NONE
"
12-Jan-23,4:30 PM,15-Nov-22,5:07 PM,PARENT NAME,EMAIL,EXTRA,"EXTRA
",NONE,In-Centre Session - 1 Hour(1) ,NONE,60,NONE,NONE,NONE,NONE,NONE,STUDENT,"NONE
"
12-Jan-23,4:30 PM,15-Nov-22,5:07 PM,PARENT NAME,EMAIL,EXTRA,"EXTRA
",NONE,In-Centre Session - 1 Hour(1) ,NONE,60,NONE,NONE,NONE,NONE,NONE,STUDENT,"NONE
"
12-Jan-23,4:30 PM,16-Nov-22,4:37 PM,PARENT NAME,EMAIL,EXTRA,"EXTRA
",NONE,In-Centre Session - 1 Hour(1) ,NONE,60,NONE,NONE,NONE,NONE,NONE,STUDENT,"NONE
"
12-Jan-23,4:30 PM,16-Nov-22,4:38 PM,PARENT NAME,EMAIL,EXTRA,"EXTRA
",NONE,In-Centre Session - 1 Hour(1) ,NONE,60,NONE,NONE,NONE,NONE,NONE,STUDENT,"NONE
"
12-Jan-23,4:30 PM,16-Nov-22,4:39 PM,PARENT NAME,EMAIL,EXTRA,"EXTRA
",NONE,In-Centre Session - 1 Hour(1) ,NONE,60,NONE,NONE,NONE,NONE,NONE,STUDENT,"NONE
"
12-Jan-23,4:30 PM,02-Jan-23,12:39 PM,PARENT NAME,EMAIL,EXTRA,"EXTRA
",NONE,@Home Online Session - 1 Hour(1) ,NONE,60,NONE,NONE,NONE,NONE,NONE,STUDENT,"NONE
"
12-Jan-23,4:45 PM,04-Jan-23,8:34 PM,PARENT NAME,EMAIL,EXTRA,"EXTRA
",NONE,In-Centre Session - 1 Hour(1) ,NONE,60,NONE,NONE,NONE,NONE,NONE,STUDENT,"NONE
"
12-Jan-23,4:45 PM,05-Jan-23,7:27 PM,PARENT NAME,EMAIL,EXTRA,"EXTRA
",NONE,In-Centre Session - 1 Hour(1) ,NONE,60,NONE,NONE,NONE,NONE,NONE,STUDENT,"NONE
"
12-Jan-23,4:45 PM,15-Nov-22,5:22 PM,PARENT NAME,EMAIL,EXTRA,"EXTRA
",NONE,In-Centre Session - 1 Hour(1) ,NONE,60,NONE,NONE,NONE,NONE,NONE,STUDENT,"NONE
"
12-Jan-23,4:45 PM,15-Nov-22,5:23 PM,PARENT NAME,EMAIL,EXTRA,"EXTRA
",NONE,In-Centre Session - 1 Hour(1) ,NONE,60,NONE,NONE,NONE,NONE,NONE,STUDENT,"NONE
"
12-Jan-23,5:00 PM,03-Sep-22,12:03 AM,PARENT NAME,EMAIL,EXTRA,"EXTRA
",NONE,In-Centre Session - 1 Hour(1) ,NONE,60,NONE,NONE,NONE,NONE,NONE,STUDENT,"NONE
"
12-Jan-23,5:00 PM,23-Nov-22,4:10 PM,PARENT NAME,EMAIL,EXTRA,"EXTRA
",NONE,@Home Online Session - 1 Hour(1) ,NONE,60,NONE,NONE,NONE,NONE,NONE,STUDENT,"NONE
"
12-Jan-23,5:00 PM,28-Nov-22,10:24 AM,PARENT NAME,EMAIL,EXTRA,"EXTRA
",NONE,In-Centre Session - 1 Hour(1) ,NONE,60,NONE,NONE,NONE,NONE,NONE,STUDENT,"NONE
"
12-Jan-23,5:00 PM,05-Jan-23,6:16 PM,PARENT NAME,EMAIL,EXTRA,"EXTRA
",NONE,In-Centre Session - 1 Hour(1) ,NONE,60,NONE,NONE,NONE,NONE,NONE,STUDENT,"NONE
"
12-Jan-23,5:00 PM,30-Nov-22,7:38 PM,PARENT NAME,EMAIL,EXTRA,"EXTRA
",NONE,In-Centre Session - 1 Hour(1) ,NONE,60,NONE,NONE,NONE,NONE,NONE,STUDENT,"NONE
"
12-Jan-23,5:00 PM,12-Dec-22,9:52 AM,PARENT NAME,EMAIL,EXTRA,"EXTRA
",NONE,In-Centre Session - 1 Hour(1) ,NONE,60,NONE,NONE,NONE,NONE,NONE,STUDENT,"NONE
"
12-Jan-23,5:30 PM,14-Dec-22,7:25 PM,PARENT NAME,EMAIL,EXTRA,"EXTRA
",NONE,@Home Online Session - 1 Hour(1) ,NONE,60,NONE,NONE,NONE,NONE,NONE,STUDENT,"NONE
"
12-Jan-23,5:30 PM,03-Jan-23,1:00 PM,PARENT NAME,EMAIL,EXTRA,"EXTRA
",NONE,In-Centre Session - 1 Hour(1) ,NONE,60,NONE,NONE,NONE,NONE,NONE,STUDENT,"NONE
"
12-Jan-23,5:30 PM,04-Jan-23,10:05 AM,PARENT NAME,EMAIL,EXTRA,"EXTRA
",NONE,In-Centre Session - 1 Hour(1) ,NONE,60,NONE,NONE,NONE,NONE,NONE,STUDENT,"NONE
"
12-Jan-23,5:30 PM,20-Dec-22,12:05 PM,PARENT NAME,EMAIL,EXTRA,"EXTRA
",NONE,In-Centre Session - 1 Hour(1) ,NONE,60,NONE,NONE,NONE,NONE,NONE,STUDENT,"NONE
"
12-Jan-23,5:30 PM,28-Dec-22,9:06 PM,PARENT NAME,EMAIL,EXTRA,"EXTRA
",NONE,In-Centre Session - 1 Hour(1) ,NONE,60,NONE,NONE,NONE,NONE,NONE,STUDENT,"NONE
"
12-Jan-23,5:30 PM,08-Jan-23,1:45 PM,PARENT NAME,EMAIL,EXTRA,"EXTRA
",NONE,In-Centre Session - 1 Hour(1) ,NONE,60,NONE,NONE,NONE,NONE,NONE,STUDENT,"NONE
"
12-Jan-23,5:45 PM,04-Jan-23,3:14 PM,PARENT NAME,EMAIL,EXTRA,"EXTRA
",NONE,In-Centre Session - 1 Hour(1) ,NONE,60,NONE,NONE,NONE,NONE,NONE,STUDENT,"NONE
"
12-Jan-23,5:45 PM,09-Jan-23,5:16 PM,PARENT NAME,EMAIL,EXTRA,"EXTRA
",NONE,In-Centre Session - 1 Hour(1) ,NONE,60,NONE,NONE,NONE,NONE,NONE,STUDENT,"NONE
"
12-Jan-23,5:45 PM,17-Dec-22,7:40 PM,PARENT NAME,EMAIL,EXTRA,"EXTRA
",NONE,In-Centre Session - 1 Hour(1) ,NONE,60,NONE,NONE,NONE,NONE,NONE,STUDENT,"NONE
"
12-Jan-23,5:45 PM,08-Dec-22,5:00 PM,PARENT NAME,EMAIL,EXTRA,"EXTRA
",NONE,In-Centre Session - 1 Hour(1) ,NONE,60,NONE,NONE,NONE,NONE,NONE,STUDENT,"NONE
"
12-Jan-23,6:00 PM,08-Dec-22,8:14 AM,PARENT NAME,EMAIL,EXTRA,"EXTRA
",NONE,In-Centre Session - 1 Hour(1) ,NONE,60,NONE,NONE,NONE,NONE,NONE,STUDENT,"NONE
"
12-Jan-23,6:00 PM,20-Dec-22,5:26 PM,PARENT NAME,EMAIL,EXTRA,"EXTRA
",NONE,In-Centre Session - 1 Hour(1) ,NONE,60,NONE,NONE,NONE,NONE,NONE,STUDENT,"NONE
"
12-Jan-23,6:00 PM,27-Nov-22,10:05 PM,PARENT NAME,EMAIL,EXTRA,"EXTRA
",NONE,In-Centre Session - 1 Hour(1) ,NONE,60,NONE,NONE,NONE,NONE,NONE,STUDENT,"NONE
"
12-Jan-23,6:00 PM,25-Nov-22,9:51 AM,PARENT NAME,EMAIL,EXTRA,"EXTRA
",NONE,@Home Online Session - 1 Hour(1) ,NONE,60,NONE,NONE,NONE,NONE,NONE,STUDENT,"NONE
"
12-Jan-23,6:00 PM,15-Sep-22,7:59 PM,PARENT NAME,EMAIL,EXTRA,"EXTRA
",NONE,In-Centre Session - 1 Hour(1) ,NONE,60,NONE,NONE,NONE,NONE,NONE,STUDENT,"NONE
"
12-Jan-23,6:30 PM,15-Sep-22,7:49 PM,PARENT NAME,EMAIL,EXTRA,"EXTRA
",NONE,In-Centre Session - 1 Hour(1) ,NONE,60,NONE,NONE,NONE,NONE,NONE,STUDENT,"NONE
"
12-Jan-23,6:30 PM,16-Nov-22,4:09 PM,PARENT NAME,EMAIL,EXTRA,"EXTRA
",NONE,In-Centre Session - 1 Hour(1) ,NONE,60,NONE,NONE,NONE,NONE,NONE,STUDENT,"NONE
"
12-Jan-23,6:30 PM,16-Nov-22,4:11 PM,PARENT NAME,EMAIL,EXTRA,"EXTRA
",NONE,In-Centre Session - 1 Hour(1) ,NONE,60,NONE,NONE,NONE,NONE,NONE,STUDENT,"NONE
"
12-Jan-23,6:30 PM,16-Nov-22,4:14 PM,PARENT NAME,EMAIL,EXTRA,"EXTRA
",NONE,In-Centre Session - 1 Hour(1) ,NONE,60,NONE,NONE,NONE,NONE,NONE,STUDENT,"NONE
"
12-Jan-23,6:30 PM,17-Dec-22,11:39 PM,PARENT NAME,EMAIL,EXTRA,"EXTRA
",NONE,@Home Online Session - 1 Hour(1) ,NONE,60,NONE,NONE,NONE,NONE,NONE,STUDENT,"NONE
"
12-Jan-23,6:30 PM,15-Dec-22,9:48 AM,PARENT NAME,EMAIL,EXTRA,"EXTRA
",NONE,In-Centre Session - 1 Hour(1) ,NONE,60,NONE,NONE,NONE,NONE,NONE,STUDENT,"NONE
"
12-Jan-23,6:30 PM,05-Jan-23,7:24 PM,PARENT NAME,EMAIL,EXTRA,"EXTRA
",NONE,In-Centre Session - 1 Hour(1) ,NONE,60,NONE,NONE,NONE,NONE,NONE,STUDENT,"NONE
"
12-Jan-23,7:00 PM,15-Sep-22,7:51 PM,PARENT NAME,EMAIL,EXTRA,"EXTRA
",NONE,In-Centre Session - 1 Hour(1) ,NONE,60,NONE,NONE,NONE,NONE,NONE,STUDENT,"NONE
"
11-Jan-23,3:30 PM,27-Dec-22,11:16 PM,PARENT NAME,EMAIL,EXTRA,"EXTRA
",NONE,In-Centre Session - 1 Hour(1) ,NONE,60,NONE,NONE,NONE,NONE,NONE,STUDENT,"NONE
"
11-Jan-23,3:30 PM,04-Jan-23,3:26 PM,PARENT NAME,EMAIL,EXTRA,"EXTRA
",NONE,In-Centre Session - 1 Hour(1) ,NONE,60,NONE,NONE,NONE,NONE,NONE,STUDENT,"NONE
"
11-Jan-23,3:30 PM,05-Dec-22,10:11 PM,PARENT NAME,EMAIL,EXTRA,"EXTRA
",NONE,In-Centre Session - 1 Hour(1) ,NONE,60,NONE,NONE,NONE,NONE,NONE,STUDENT,"NONE
"
11-Jan-23,3:30 PM,15-Nov-22,4:59 PM,PARENT NAME,EMAIL,EXTRA,"EXTRA
",NONE,In-Centre Session - 1 Hour(1) ,NONE,60,NONE,NONE,NONE,NONE,NONE,STUDENT,"NONE
"
11-Jan-23,3:45 PM,19-Dec-22,11:26 AM,PARENT NAME,EMAIL,EXTRA,"EXTRA
",NONE,In-Centre Session - 1 Hour(1) ,NONE,60,NONE,NONE,NONE,NONE,NONE,STUDENT,"NONE
"
11-Jan-23,3:45 PM,06-Dec-22,3:18 PM,PARENT NAME,EMAIL,EXTRA,"EXTRA
",NONE,In-Centre Session - 1 Hour(1) ,NONE,60,NONE,NONE,NONE,NONE,NONE,STUDENT,"NONE
"
11-Jan-23,3:45 PM,07-Dec-22,7:29 PM,PARENT NAME,EMAIL,EXTRA,"EXTRA
",NONE,In-Centre Session - 1 Hour(1) ,NONE,60,NONE,NONE,NONE,NONE,NONE,STUDENT,"NONE
"
11-Jan-23,4:00 PM,18-Dec-22,3:43 PM,PARENT NAME,EMAIL,EXTRA,"EXTRA
",NONE,In-Centre Session - 1 Hour(1) ,NONE,60,NONE,NONE,NONE,NONE,NONE,STUDENT,"NONE
"
11-Jan-23,4:00 PM,05-Dec-22,3:46 PM,PARENT NAME,EMAIL,EXTRA,"EXTRA
",NONE,In-Centre Session - 1 Hour(1) ,NONE,60,NONE,NONE,NONE,NONE,NONE,STUDENT,"NONE
"
11-Jan-23,4:00 PM,05-Dec-22,7:18 PM,PARENT NAME,EMAIL,EXTRA,"EXTRA
",NONE,In-Centre Session - 1 Hour(1) ,NONE,60,NONE,NONE,NONE,NONE,NONE,STUDENT,"NONE
"
11-Jan-23,4:00 PM,04-Jan-23,9:07 PM,PARENT NAME,EMAIL,EXTRA,"EXTRA
",NONE,In-Centre Session - 1 Hour(1) ,NONE,60,NONE,NONE,NONE,NONE,NONE,STUDENT,"NONE
"
11-Jan-23,4:00 PM,03-Jan-23,7:00 PM,PARENT NAME,EMAIL,EXTRA,"EXTRA
",NONE,In-Centre Session - 1 Hour(1) ,NONE,60,NONE,NONE,NONE,NONE,NONE,STUDENT,"NONE
"
11-Jan-23,4:30 PM,15-Dec-22,12:35 AM,PARENT NAME,EMAIL,EXTRA,"EXTRA
",NONE,In-Centre Session - 1 Hour(1) ,NONE,60,NONE,NONE,NONE,NONE,NONE,STUDENT,"NONE
"
11-Jan-23,4:30 PM,21-Nov-22,9:59 AM,PARENT NAME,EMAIL,EXTRA,"EXTRA
",NONE,In-Centre Session - 1 Hour(1) ,NONE,60,NONE,NONE,NONE,NONE,NONE,STUDENT,"NONE
"
11-Jan-23,4:30 PM,23-Nov-22,2:41 PM,PARENT NAME,EMAIL,EXTRA,"EXTRA
",NONE,In-Centre Session - 1 Hour(1) ,NONE,60,NONE,NONE,NONE,NONE,NONE,STUDENT,"NONE
"
11-Jan-23,4:30 PM,15-Nov-22,5:13 PM,PARENT NAME,EMAIL,EXTRA,"EXTRA
",NONE,In-Centre Session - 1 Hour(1) ,NONE,60,NONE,NONE,NONE,NONE,NONE,STUDENT,"NONE
"
11-Jan-23,4:30 PM,12-Sep-22,3:12 PM,PARENT NAME,EMAIL,EXTRA,"EXTRA
",NONE,In-Centre Session - 1 Hour(1) ,NONE,60,NONE,NONE,NONE,NONE,NONE,STUDENT,"NONE
"
11-Jan-23,4:45 PM,17-Nov-22,7:17 AM,PARENT NAME,EMAIL,EXTRA,"EXTRA
",NONE,In-Centre Session - 1 Hour(1) ,NONE,60,NONE,NONE,NONE,NONE,NONE,STUDENT,"NONE
"
11-Jan-23,4:45 PM,28-Nov-22,12:26 PM,PARENT NAME,EMAIL,EXTRA,"EXTRA
",NONE,In-Centre Session - 1 Hour(1) ,NONE,60,NONE,NONE,NONE,NONE,NONE,STUDENT,"NONE
"
11-Jan-23,4:45 PM,01-Dec-22,3:05 PM,PARENT NAME,EMAIL,EXTRA,"EXTRA
",NONE,In-Centre Session - 1 Hour(1) ,NONE,60,NONE,NONE,NONE,NONE,NONE,STUDENT,"NONE
"
11-Jan-23,4:45 PM,01-Dec-22,3:05 PM,PARENT NAME,EMAIL,EXTRA,"EXTRA
",NONE,In-Centre Session - 1 Hour(1) ,NONE,60,NONE,NONE,NONE,NONE,NONE,STUDENT,"NONE
"
11-Jan-23,5:00 PM,15-Dec-22,8:28 PM,PARENT NAME,EMAIL,EXTRA,"EXTRA
",NONE,@Home Online Session - 1 Hour(1) ,NONE,60,NONE,NONE,NONE,NONE,NONE,STUDENT,"NONE
"
11-Jan-23,5:00 PM,26-Sep-22,7:53 PM,PARENT NAME,EMAIL,EXTRA,"EXTRA
",NONE,In-Centre Session - 1 Hour(1) ,NONE,60,NONE,NONE,NONE,NONE,NONE,STUDENT,"NONE
"
11-Jan-23,5:00 PM,06-Nov-22,10:46 AM,PARENT NAME,EMAIL,EXTRA,"EXTRA
",NONE,In-Centre Session - 1 Hour(1) ,NONE,60,NONE,NONE,NONE,NONE,NONE,STUDENT,"NONE
"
11-Jan-23,5:30 PM,23-Sep-22,12:19 PM,PARENT NAME,EMAIL,EXTRA,"EXTRA
",NONE,In-Centre Session - 1 Hour(1) ,NONE,60,NONE,NONE,NONE,NONE,NONE,STUDENT,"NONE
"
11-Jan-23,5:30 PM,14-Nov-22,9:38 AM,PARENT NAME,EMAIL,EXTRA,"EXTRA
",NONE,In-Centre Session - 1 Hour(1) ,NONE,60,NONE,NONE,NONE,NONE,NONE,STUDENT,"NONE
"
11-Jan-23,5:30 PM,15-Nov-22,4:45 PM,PARENT NAME,EMAIL,EXTRA,"EXTRA
",NONE,In-Centre Session - 1 Hour(1) ,NONE,60,NONE,NONE,NONE,NONE,NONE,STUDENT,"NONE
"
11-Jan-23,5:30 PM,19-Dec-22,11:23 PM,PARENT NAME,EMAIL,EXTRA,"EXTRA
",NONE,In-Centre Session - 1 Hour(1) ,NONE,60,NONE,NONE,NONE,NONE,NONE,STUDENT,"NONE
"
11-Jan-23,5:45 PM,22-Nov-22,11:39 AM,PARENT NAME,EMAIL,EXTRA,"EXTRA
",NONE,In-Centre Session - 1 Hour(1) ,NONE,60,NONE,NONE,NONE,NONE,NONE,STUDENT,"NONE
"
11-Jan-23,5:45 PM,22-Nov-22,11:39 AM,PARENT NAME,EMAIL,EXTRA,"EXTRA
",NONE,In-Centre Session - 1 Hour(1) ,NONE,60,NONE,NONE,NONE,NONE,NONE,STUDENT,"NONE
"
11-Jan-23,5:45 PM,04-Jan-23,8:31 PM,PARENT NAME,EMAIL,EXTRA,"EXTRA
",NONE,In-Centre Session - 1 Hour(1) ,NONE,60,NONE,NONE,NONE,NONE,NONE,STUDENT,"NONE
"
11-Jan-23,6:00 PM,19-Dec-22,3:25 PM,PARENT NAME,EMAIL,EXTRA,"EXTRA
",NONE,In-Centre Session - 1 Hour(1) ,NONE,60,NONE,NONE,NONE,NONE,NONE,STUDENT,"NONE
"
11-Jan-23,6:00 PM,16-Nov-22,3:45 PM,PARENT NAME,EMAIL,EXTRA,"EXTRA
",NONE,In-Centre Session - 1 Hour(1) ,NONE,60,NONE,NONE,NONE,NONE,NONE,STUDENT,"NONE
"
11-Jan-23,6:00 PM,16-Nov-22,4:01 PM,PARENT NAME,EMAIL,EXTRA,"EXTRA
",NONE,@Home Online Session - 1 Hour(1) ,NONE,60,NONE,NONE,NONE,NONE,NONE,STUDENT,"NONE
"
11-Jan-23,6:30 PM,02-Nov-22,7:54 PM,PARENT NAME,EMAIL,EXTRA,"EXTRA
",NONE,In-Centre Session - 1 Hour(1) ,NONE,60,NONE,NONE,NONE,NONE,NONE,STUDENT,"NONE
"
11-Jan-23,6:30 PM,15-Dec-22,9:45 AM,PARENT NAME,EMAIL,EXTRA,"EXTRA
",NONE,In-Centre Session - 1 Hour(1) ,NONE,60,NONE,NONE,NONE,NONE,NONE,STUDENT,"NONE
"
11-Jan-23,6:30 PM,02-Jan-23,12:38 PM,PARENT NAME,EMAIL,EXTRA,"EXTRA
",NONE,@Home Online Session - 1 Hour(1) ,NONE,60,NONE,NONE,NONE,NONE,NONE,STUDENT,"NONE
"
10-Jan-23,3:30 PM,26-Nov-22,10:25 PM,PARENT NAME,EMAIL,EXTRA,"EXTRA
",NONE,In-Centre Session - 1 Hour(1) ,NONE,60,NONE,NONE,NONE,NONE,NONE,STUDENT,"NONE
"
10-Jan-23,3:45 PM,16-Nov-22,3:38 PM,PARENT NAME,EMAIL,EXTRA,"EXTRA
",NONE,In-Centre Session - 1 Hour(1) ,NONE,60,NONE,NONE,NONE,NONE,NONE,STUDENT,"NONE
"
10-Jan-23,3:45 PM,01-Dec-22,7:18 PM,PARENT NAME,EMAIL,EXTRA,"EXTRA
",NONE,In-Centre Session - 1 Hour(1) ,NONE,60,NONE,NONE,NONE,NONE,NONE,STUDENT,"NONE
"
10-Jan-23,3:45 PM,19-Dec-22,11:21 AM,PARENT NAME,EMAIL,EXTRA,"EXTRA
",NONE,In-Centre Session - 1 Hour(1) ,NONE,60,NONE,NONE,NONE,NONE,NONE,STUDENT,"NONE
"
10-Jan-23,4:00 PM,04-Jan-23,12:27 PM,PARENT NAME,EMAIL,EXTRA,"EXTRA
",NONE,In-Centre Session - 1 Hour(1) ,NONE,60,NONE,NONE,NONE,NONE,NONE,STUDENT,"NONE
"
10-Jan-23,4:00 PM,04-Jan-23,7:38 PM,PARENT NAME,EMAIL,EXTRA,"EXTRA
",NONE,In-Centre Session - 1 Hour(1) ,NONE,60,NONE,NONE,NONE,NONE,NONE,STUDENT,"NONE
"
10-Jan-23,4:00 PM,16-Nov-22,4:21 PM,PARENT NAME,EMAIL,EXTRA,"EXTRA
",NONE,In-Centre Session - 1 Hour(1) ,NONE,60,NONE,NONE,NONE,NONE,NONE,STUDENT,"NONE
"
10-Jan-23,4:00 PM,13-Nov-22,9:06 PM,PARENT NAME,EMAIL,EXTRA,"EXTRA
",NONE,In-Centre Session - 1 Hour(1) ,NONE,60,NONE,NONE,NONE,NONE,NONE,STUDENT,"NONE
"
10-Jan-23,4:30 PM,16-Nov-22,4:35 PM,PARENT NAME,EMAIL,EXTRA,"EXTRA
",NONE,In-Centre Session - 1 Hour(1) ,NONE,60,NONE,NONE,NONE,NONE,NONE,STUDENT,"NONE
"
10-Jan-23,4:30 PM,16-Nov-22,4:36 PM,PARENT NAME,EMAIL,EXTRA,"EXTRA
",NONE,In-Centre Session - 1 Hour(1) ,NONE,60,NONE,NONE,NONE,NONE,NONE,STUDENT,"NONE
"
10-Jan-23,4:30 PM,16-Nov-22,4:37 PM,PARENT NAME,EMAIL,EXTRA,"EXTRA
",NONE,In-Centre Session - 1 Hour(1) ,NONE,60,NONE,NONE,NONE,NONE,NONE,STUDENT,"NONE
"
10-Jan-23,4:30 PM,23-Nov-22,2:40 PM,PARENT NAME,EMAIL,EXTRA,"EXTRA
",NONE,In-Centre Session - 1 Hour(1) ,NONE,60,NONE,NONE,NONE,NONE,NONE,STUDENT,"NONE
"
10-Jan-23,4:45 PM,12-Nov-22,12:16 PM,PARENT NAME,EMAIL,EXTRA,"EXTRA
",NONE,In-Centre Session - 1 Hour(1) ,NONE,60,NONE,NONE,NONE,NONE,NONE,STUDENT,"NONE
"
10-Jan-23,4:45 PM,17-Nov-22,7:16 AM,PARENT NAME,EMAIL,EXTRA,"EXTRA
",NONE,In-Centre Session - 1 Hour(1) ,NONE,60,NONE,NONE,NONE,NONE,NONE,STUDENT,"NONE
"
10-Jan-23,4:45 PM,17-Dec-22,7:39 PM,PARENT NAME,EMAIL,EXTRA,"EXTRA
",NONE,In-Centre Session - 1 Hour(1) ,NONE,60,NONE,NONE,NONE,NONE,NONE,STUDENT,"NONE
"
10-Jan-23,4:45 PM,23-Dec-22,9:19 AM,PARENT NAME,EMAIL,EXTRA,"EXTRA
",NONE,In-Centre Session - 1 Hour(1) ,NONE,60,NONE,NONE,NONE,NONE,NONE,STUDENT,"NONE
"
10-Jan-23,5:00 PM,19-Nov-22,2:17 PM,PARENT NAME,EMAIL,EXTRA,"EXTRA
",NONE,In-Centre Session - 1 Hour(1) ,NONE,60,NONE,NONE,NONE,NONE,NONE,STUDENT,"NONE
"
10-Jan-23,5:00 PM,28-Nov-22,10:51 AM,PARENT NAME,EMAIL,EXTRA,"EXTRA
",NONE,In-Centre Session - 1 Hour(1) ,NONE,60,NONE,NONE,NONE,NONE,NONE,STUDENT,"NONE
"
10-Jan-23,5:00 PM,28-Nov-22,10:51 AM,PARENT NAME,EMAIL,EXTRA,"EXTRA
",NONE,In-Centre Session - 1 Hour(1) ,NONE,60,NONE,NONE,NONE,NONE,NONE,STUDENT,"NONE
"
10-Jan-23,5:30 PM,20-Dec-22,12:04 PM,PARENT NAME,EMAIL,EXTRA,"EXTRA
",NONE,In-Centre Session - 1 Hour(1) ,NONE,60,NONE,NONE,NONE,NONE,NONE,STUDENT,"NONE
"
10-Jan-23,5:30 PM,12-Dec-22,9:51 AM,PARENT NAME,EMAIL,EXTRA,"EXTRA
",NONE,In-Centre Session - 1 Hour(1) ,NONE,60,NONE,NONE,NONE,NONE,NONE,STUDENT,"NONE
"
10-Jan-23,5:30 PM,05-Jan-23,7:27 PM,PARENT NAME,EMAIL,EXTRA,"EXTRA
",NONE,In-Centre Session - 1 Hour(1) ,NONE,60,NONE,NONE,NONE,NONE,NONE,STUDENT,"NONE
"
10-Jan-23,5:30 PM,24-Sep-22,2:47 PM,PARENT NAME,EMAIL,EXTRA,"EXTRA
",NONE,In-Centre Session - 1 Hour(1) ,NONE,60,NONE,NONE,NONE,NONE,NONE,STUDENT,"NONE
"
10-Jan-23,5:30 PM,16-Nov-22,4:13 PM,PARENT NAME,EMAIL,EXTRA,"EXTRA
",NONE,In-Centre Session - 1 Hour(1) ,NONE,60,NONE,NONE,NONE,NONE,NONE,STUDENT,"NONE
"
10-Jan-23,5:45 PM,03-Jan-23,12:59 PM,PARENT NAME,EMAIL,EXTRA,"EXTRA
",NONE,In-Centre Session - 1 Hour(1) ,NONE,60,NONE,NONE,NONE,NONE,NONE,STUDENT,"NONE
"
10-Jan-23,5:45 PM,05-Jan-23,7:23 PM,PARENT NAME,EMAIL,EXTRA,"EXTRA
",NONE,In-Centre Session - 1 Hour(1) ,NONE,60,NONE,NONE,NONE,NONE,NONE,STUDENT,"NONE
"
10-Jan-23,5:45 PM,08-Dec-22,4:59 PM,PARENT NAME,EMAIL,EXTRA,"EXTRA
",NONE,In-Centre Session - 1 Hour(1) ,NONE,60,NONE,NONE,NONE,NONE,NONE,STUDENT,"NONE
"
10-Jan-23,5:45 PM,20-Dec-22,5:25 PM,PARENT NAME,EMAIL,EXTRA,"EXTRA
",NONE,In-Centre Session - 1 Hour(1) ,NONE,60,NONE,NONE,NONE,NONE,NONE,STUDENT,"NONE
"
10-Jan-23,6:00 PM,08-Dec-22,8:12 AM,PARENT NAME,EMAIL,EXTRA,"EXTRA
",NONE,In-Centre Session - 1 Hour(1) ,NONE,60,NONE,NONE,NONE,NONE,NONE,STUDENT,"NONE
"
10-Jan-23,6:00 PM,04-Jan-23,2:48 PM,PARENT NAME,EMAIL,EXTRA,"EXTRA
",NONE,In-Centre Session - 1 Hour(1) ,NONE,60,NONE,NONE,NONE,NONE,NONE,STUDENT,"NONE
"
10-Jan-23,6:30 PM,04-Jan-23,3:13 PM,PARENT NAME,EMAIL,EXTRA,"EXTRA
",NONE,In-Centre Session - 1 Hour(1) ,NONE,60,NONE,NONE,NONE,NONE,NONE,STUDENT,"NONE
"
10-Jan-23,6:30 PM,23-Nov-22,8:57 PM,PARENT NAME,EMAIL,EXTRA,"EXTRA
",NONE,In-Centre Session - 1 Hour(1) ,NONE,60,NONE,NONE,NONE,NONE,NONE,STUDENT,"NONE
"
10-Jan-23,6:30 PM,23-Nov-22,8:57 PM,PARENT NAME,EMAIL,EXTRA,"EXTRA
",NONE,In-Centre Session - 1 Hour(1) ,NONE,60,NONE,NONE,NONE,NONE,NONE,STUDENT,"NONE
"
10-Jan-23,6:30 PM,12-Dec-22,1:44 PM,PARENT NAME,EMAIL,EXTRA,"EXTRA
",NONE,In-Centre Session - 1 Hour(1) ,NONE,60,NONE,NONE,NONE,NONE,NONE,STUDENT,"NONE
"
10-Jan-23,6:30 PM,16-Nov-22,4:15 PM,PARENT NAME,EMAIL,EXTRA,"EXTRA
",NONE,In-Centre Session - 1 Hour(1) ,NONE,60,NONE,NONE,NONE,NONE,NONE,STUDENT,"NONE
"
10-Jan-23,6:30 PM,16-Nov-22,4:09 PM,PARENT NAME,EMAIL,EXTRA,"EXTRA
",NONE,In-Centre Session - 1 Hour(1) ,NONE,60,NONE,NONE,NONE,NONE,NONE,STUDENT,"NONE
"
10-Jan-23,6:30 PM,16-Nov-22,4:10 PM,PARENT NAME,EMAIL,EXTRA,"EXTRA
",NONE,In-Centre Session - 1 Hour(1) ,NONE,60,NONE,NONE,NONE,NONE,NONE,STUDENT,"NONE
"
09-Jan-23,3:30 PM,26-Nov-22,10:24 PM,PARENT NAME,EMAIL,EXTRA,"EXTRA
",NONE,In-Centre Session - 1 Hour(1) ,NONE,60,NONE,NONE,NONE,NONE,NONE,STUDENT,"NONE
"
09-Jan-23,3:30 PM,19-Dec-22,3:17 PM,PARENT NAME,EMAIL,EXTRA,"EXTRA
",NONE,In-Centre Session - 1 Hour(1) ,NONE,60,NONE,NONE,NONE,NONE,NONE,STUDENT,"NONE
"
09-Jan-23,3:30 PM,27-Dec-22,11:15 PM,PARENT NAME,EMAIL,EXTRA,"EXTRA
",NONE,In-Centre Session - 1 Hour(1) ,NONE,60,NONE,NONE,NONE,NONE,NONE,STUDENT,"NONE
"
09-Jan-23,3:45 PM,15-Nov-22,4:45 PM,PARENT NAME,EMAIL,EXTRA,"EXTRA
",NONE,In-Centre Session - 1 Hour(1) ,NONE,60,NONE,NONE,NONE,NONE,NONE,STUDENT,"NONE
"
09-Jan-23,3:45 PM,05-Dec-22,3:47 PM,PARENT NAME,EMAIL,EXTRA,"EXTRA
",NONE,In-Centre Session - 1 Hour(1) ,NONE,60,NONE,NONE,NONE,NONE,NONE,STUDENT,"NONE
"
09-Jan-23,3:45 PM,06-Dec-22,2:19 PM,PARENT NAME,EMAIL,EXTRA,"EXTRA
",NONE,In-Centre Session - 1 Hour(1) ,NONE,60,NONE,NONE,NONE,NONE,NONE,STUDENT,"NONE
"
09-Jan-23,3:45 PM,07-Dec-22,7:28 PM,PARENT NAME,EMAIL,EXTRA,"EXTRA
",NONE,In-Centre Session - 1 Hour(1) ,NONE,60,NONE,NONE,NONE,NONE,NONE,STUDENT,"NONE
"
09-Jan-23,3:45 PM,18-Dec-22,3:42 PM,PARENT NAME,EMAIL,EXTRA,"EXTRA
",NONE,In-Centre Session - 1 Hour(1) ,NONE,60,NONE,NONE,NONE,NONE,NONE,STUDENT,"NONE
"
09-Jan-23,4:00 PM,15-Nov-22,5:10 PM,PARENT NAME,EMAIL,EXTRA,"EXTRA
",NONE,In-Centre Session - 1 Hour(1) ,NONE,60,NONE,NONE,NONE,NONE,NONE,STUDENT,"NONE
"
09-Jan-23,4:00 PM,13-Nov-22,9:05 PM,PARENT NAME,EMAIL,EXTRA,"EXTRA
",NONE,In-Centre Session - 1 Hour(1) ,NONE,60,NONE,NONE,NONE,NONE,NONE,STUDENT,"NONE
"
09-Jan-23,4:30 PM,15-Nov-22,5:14 PM,PARENT NAME,EMAIL,EXTRA,"EXTRA
",NONE,In-Centre Session - 1 Hour(1) ,NONE,60,NONE,NONE,NONE,NONE,NONE,STUDENT,"NONE
"
09-Jan-23,4:30 PM,08-Dec-22,2:57 PM,PARENT NAME,EMAIL,EXTRA,"EXTRA
",NONE,In-Centre Session - 1 Hour(1) ,NONE,60,NONE,NONE,NONE,NONE,NONE,STUDENT,"NONE
"
09-Jan-23,4:30 PM,16-Nov-22,3:43 PM,PARENT NAME,EMAIL,EXTRA,"EXTRA
",NONE,In-Centre Session - 1 Hour(1) ,NONE,60,NONE,NONE,NONE,NONE,NONE,STUDENT,"NONE
"
09-Jan-23,4:30 PM,04-Jan-23,9:31 PM,PARENT NAME,EMAIL,EXTRA,"EXTRA
",NONE,In-Centre Session - 1 Hour(1) ,NONE,60,NONE,NONE,NONE,NONE,NONE,STUDENT,"NONE
"
09-Jan-23,4:30 PM,04-Jan-23,9:35 PM,PARENT NAME,EMAIL,EXTRA,"EXTRA
",NONE,In-Centre Session - 1 Hour(1) ,NONE,60,NONE,NONE,NONE,NONE,NONE,STUDENT,"NONE
"
09-Jan-23,4:30 PM,15-Nov-22,5:00 PM,PARENT NAME,EMAIL,EXTRA,"EXTRA
",NONE,In-Centre Session - 1 Hour(1) ,NONE,60,NONE,NONE,NONE,NONE,NONE,STUDENT,"NONE
"
09-Jan-23,4:30 PM,12-Sep-22,3:11 PM,PARENT NAME,EMAIL,EXTRA,"EXTRA
",NONE,In-Centre Session - 1 Hour(1) ,NONE,60,NONE,NONE,NONE,NONE,NONE,STUDENT,"NONE
"
09-Jan-23,4:45 PM,15-Nov-22,5:16 PM,PARENT NAME,EMAIL,EXTRA,"EXTRA
",NONE,In-Centre Session - 1 Hour(1) ,NONE,60,NONE,NONE,NONE,NONE,NONE,STUDENT,"NONE
"
09-Jan-23,4:45 PM,15-Nov-22,5:17 PM,PARENT NAME,EMAIL,EXTRA,"EXTRA
",NONE,In-Centre Session - 1 Hour(1) ,NONE,60,NONE,NONE,NONE,NONE,NONE,STUDENT,"NONE
"
09-Jan-23,4:45 PM,21-Nov-22,9:58 AM,PARENT NAME,EMAIL,EXTRA,"EXTRA
",NONE,In-Centre Session - 1 Hour(1) ,NONE,60,NONE,NONE,NONE,NONE,NONE,STUDENT,"NONE
"
09-Jan-23,4:45 PM,07-Dec-22,4:29 PM,PARENT NAME,EMAIL,EXTRA,"EXTRA
",NONE,In-Centre Session - 1 Hour(1) ,NONE,60,NONE,NONE,NONE,NONE,NONE,STUDENT,"NONE
"
09-Jan-23,4:45 PM,28-Nov-22,12:25 PM,PARENT NAME,EMAIL,EXTRA,"EXTRA
",NONE,In-Centre Session - 1 Hour(1) ,NONE,60,NONE,NONE,NONE,NONE,NONE,STUDENT,"NONE
"
09-Jan-23,5:00 PM,15-Nov-22,5:25 PM,PARENT NAME,EMAIL,EXTRA,"EXTRA
",NONE,In-Centre Session - 1 Hour(1) ,NONE,60,NONE,NONE,NONE,NONE,NONE,STUDENT,"NONE
"
09-Jan-23,5:00 PM,15-Nov-22,5:25 PM,PARENT NAME,EMAIL,EXTRA,"EXTRA
",NONE,In-Centre Session - 1 Hour(1) ,NONE,60,NONE,NONE,NONE,NONE,NONE,STUDENT,"NONE
"
09-Jan-23,5:00 PM,15-Sep-22,7:42 PM,PARENT NAME,EMAIL,EXTRA,"EXTRA
",NONE,In-Centre Session - 1 Hour(1) ,NONE,60,NONE,NONE,NONE,NONE,NONE,STUDENT,"NONE
"
09-Jan-23,5:00 PM,26-Sep-22,7:54 PM,PARENT NAME,EMAIL,EXTRA,"EXTRA
",NONE,In-Centre Session - 1 Hour(1) ,NONE,60,NONE,NONE,NONE,NONE,NONE,STUDENT,"NONE
"
09-Jan-23,5:30 PM,14-Nov-22,9:37 AM,PARENT NAME,EMAIL,EXTRA,"EXTRA
",NONE,In-Centre Session - 1 Hour(1) ,NONE,60,NONE,NONE,NONE,NONE,NONE,STUDENT,"NONE
"
09-Jan-23,5:30 PM,30-Nov-22,7:43 AM,PARENT NAME,EMAIL,EXTRA,"EXTRA
",NONE,In-Centre Session - 1 Hour(1) ,NONE,60,NONE,NONE,NONE,NONE,NONE,STUDENT,"NONE
"
09-Jan-23,5:30 PM,30-Nov-22,7:38 PM,PARENT NAME,EMAIL,EXTRA,"EXTRA
",NONE,In-Centre Session - 1 Hour(1) ,NONE,60,NONE,NONE,NONE,NONE,NONE,STUDENT,"NONE
"
09-Jan-23,5:30 PM,25-Nov-22,9:49 AM,PARENT NAME,EMAIL,EXTRA,"EXTRA
",NONE,@Home Online Session - 1 Hour(1) ,NONE,60,NONE,NONE,NONE,NONE,NONE,STUDENT,"NONE
"
09-Jan-23,5:30 PM,24-Sep-22,2:41 PM,PARENT NAME,EMAIL,EXTRA,"EXTRA
",NONE,In-Centre Session - 1 Hour(1) ,NONE,60,NONE,NONE,NONE,NONE,NONE,STUDENT,"NONE
"
09-Jan-23,5:30 PM,05-Jan-23,4:07 PM,PARENT NAME,EMAIL,EXTRA,"EXTRA
",NONE,In-Centre Session - 1 Hour(1) ,NONE,60,NONE,NONE,NONE,NONE,NONE,STUDENT,"NONE
"
09-Jan-23,5:30 PM,04-Jan-23,9:10 PM,PARENT NAME,EMAIL,EXTRA,"EXTRA
",NONE,In-Centre Session - 1 Hour(1) ,NONE,60,NONE,NONE,NONE,NONE,NONE,STUDENT,"NONE
"
09-Jan-23,5:45 PM,19-Dec-22,11:20 PM,PARENT NAME,EMAIL,EXTRA,"EXTRA
",NONE,In-Centre Session - 1 Hour(1) ,NONE,60,NONE,NONE,NONE,NONE,NONE,STUDENT,"NONE
"
09-Jan-23,5:45 PM,28-Dec-22,9:02 PM,PARENT NAME,EMAIL,EXTRA,"EXTRA
",NONE,In-Centre Session - 1 Hour(1) ,NONE,60,NONE,NONE,NONE,NONE,NONE,STUDENT,"NONE
"
09-Jan-23,5:45 PM,07-Dec-22,12:59 AM,PARENT NAME,EMAIL,EXTRA,"EXTRA
",NONE,In-Centre Session - 1 Hour(1) ,NONE,60,NONE,NONE,NONE,NONE,NONE,STUDENT,"NONE
"
09-Jan-23,5:45 PM,09-Jan-23,5:53 PM,PARENT NAME,EMAIL,EXTRA,"EXTRA
",NONE,In-Centre Session - 1 Hour(1) ,NONE,60,NONE,NONE,NONE,NONE,NONE,STUDENT,"NONE
"
09-Jan-23,6:00 PM,17-Dec-22,11:38 PM,PARENT NAME,EMAIL,EXTRA,"EXTRA
",NONE,@Home Online Session - 1 Hour(1) ,NONE,60,NONE,NONE,NONE,NONE,NONE,STUDENT,"NONE
"
09-Jan-23,6:00 PM,28-Nov-22,10:28 AM,PARENT NAME,EMAIL,EXTRA,"EXTRA
",NONE,In-Centre Session - 1 Hour(1) ,NONE,60,NONE,NONE,NONE,NONE,NONE,STUDENT,"NONE
"
09-Jan-23,6:00 PM,23-Sep-22,12:54 PM,PARENT NAME,EMAIL,EXTRA,"EXTRA
",NONE,In-Centre Session - 1 Hour(1) ,NONE,60,NONE,NONE,NONE,NONE,NONE,STUDENT,"NONE
"
09-Jan-23,6:00 PM,03-Sep-22,12:04 AM,PARENT NAME,EMAIL,EXTRA,"EXTRA
",NONE,In-Centre Session - 1 Hour(1) ,NONE,60,NONE,NONE,NONE,NONE,NONE,STUDENT,"NONE
"
09-Jan-23,6:30 PM,15-Sep-22,7:55 PM,PARENT NAME,EMAIL,EXTRA,"EXTRA
",NONE,In-Centre Session - 1 Hour(1) ,NONE,60,NONE,NONE,NONE,NONE,NONE,STUDENT,"NONE
"
09-Jan-23,6:30 PM,02-Nov-22,7:53 PM,PARENT NAME,EMAIL,EXTRA,"EXTRA
",NONE,In-Centre Session - 1 Hour(1) ,NONE,60,NONE,NONE,NONE,NONE,NONE,STUDENT,"NONE
"
09-Jan-23,6:30 PM,29-Nov-22,2:02 PM,PARENT NAME,EMAIL,EXTRA,"EXTRA
",NONE,In-Centre Session - 1 Hour(1) ,NONE,60,NONE,NONE,NONE,NONE,NONE,STUDENT,"NONE
"
09-Jan-23,6:30 PM,29-Nov-22,2:02 PM,PARENT NAME,EMAIL,EXTRA,"EXTRA
",NONE,In-Centre Session - 1 Hour(1) ,NONE,60,NONE,NONE,NONE,NONE,NONE,STUDENT,"NONE
"
09-Jan-23,6:30 PM,27-Nov-22,10:05 PM,PARENT NAME,EMAIL,EXTRA,"EXTRA
",NONE,In-Centre Session - 1 Hour(1) ,NONE,60,NONE,NONE,NONE,NONE,NONE,STUDENT,"NONE
"
09-Jan-23,6:30 PM,24-Nov-22,10:20 AM,PARENT NAME,EMAIL,EXTRA,"EXTRA
",NONE,@Home Online Session - 1 Hour(1) ,NONE,60,NONE,NONE,NONE,NONE,NONE,STUDENT,"NONE
"
09-Jan-23,6:30 PM,04-Jan-23,9:35 PM,PARENT NAME,EMAIL,EXTRA,"EXTRA
",NONE,In-Centre Session - 1 Hour(1) ,NONE,60,NONE,NONE,NONE,NONE,NONE,STUDENT,"NONE
"
09-Jan-23,6:30 PM,04-Jan-23,9:36 PM,PARENT NAME,EMAIL,EXTRA,"EXTRA
",NONE,In-Centre Session - 1 Hour(1) ,NONE,60,NONE,NONE,NONE,NONE,NONE,STUDENT,"NONE
"
09-Jan-23,7:00 PM,15-Sep-22,7:43 PM,PARENT NAME,EMAIL,EXTRA,"EXTRA
",NONE,In-Centre Session - 1 Hour(1) ,NONE,60,NONE,NONE,NONE,NONE,NONE,STUDENT,"NONE
"
